use project;
#Select * from tbl_buy_doreh where id_username = 1 order by Id desc limit 10 ;

INSERT INTO `settings` (`id`, `id_color`, `about_us_p`, `founder_p`, `name_pic_1`, `name_pic_2`, `name_pic_3`, `name_pic_4`, `name_pic_5`, `name_pic_6`, `two_founder`, `founder_p2`, `name_pic_7`, `name_pic_8`) VALUES
(1, 1, 'امروزه بازار اشتغال مناسب و متناسب با شخصیت، توانمندی و اندوخته علمی افراد صرفا مختص به دارندگان مدارک دانشگاهی و مدارج علمی و آکادمیک نیست. بلکه افرادی صاحب شغل و جایگاه کاری متناسب تری هستند که علاوه بر دانش از سطح مهارت و توانمندی و قابلیت های کاری لازم نیز برخوردارند. با چنین آنالیزی هسته برگزاری دوره های فنی و حرفه ای در حوزه مرتبط با آموزش عالی وارستگان که حوزه علوم پزشکی و پیراپزشکی بود، شکل گرفت. یعنی افراد می توانند با گذراندن دوره های کوتاه مدت و تخصصی فنی و حرفه ای بصورت مهارتی قابلیت های کاری آن مبحث را در خود پرورش داده و هم از لحاظ علمی و هم از لحاظ مهارتی آمادگی های مقبولی جهت اشتغال در خود ایجاد کنند.', 'لورم ایپسوم متن ساختگی با تولید سادگی نامفهوم از صنعت چاپ و با استفاده از طراحان گرافیک است. چاپگرها و متون بلکه روزنامه و مجله در ستون و سطرآنچنان که لازم است و برای شرایط فعلی تکنولوژی مورد نیاز و کاربردهای متنوع با هدف بهبود ابزارهای کاربردی می باشد. کتابهای زیادی در شصت و سه درصد گذشته، حال و آینده شناخت فراوان جامعه و متخصصان را می طلبد تا با نرم افزارها شناخت بیشتری را برای طراحان رایانه ای علی الخصوص طراحان خلاقی و فرهنگ پیشرو در زبان فارسی ایجاد کرد. در این صورت می توان امید داشت که تمام و دشواری موجود در ارائه راهکارها و شرایط سخت تایپ به پایان رسد وزمان مورد نیاز شامل حروفچینی دستاوردهای اصلی و جوابگوی سوالات پیوسته اهل دنیای موجود طراحی اساسا مورد استفاده قرار گیرد.', '.png', '.png', '.jpeg', '.jpeg', '61020.png', '.jpeg', NULL, NULL, NULL, NULL);


INSERT INTO `tbl_account` (`id`, `ndoc`, `idhesab`, `bed`, `bes`, `idmarkaz`, `mad`, `ldatemad`, `idstudent`, `lnamestudent`, `shr`, `id_s`, `sal`, `id_d`) VALUES
(1, 1, 1, 11, 0, 1, '11', '111', 0, NULL, '', NULL, 1400, NULL),
(2, 1, 131, 0, 11, 1, '111', '111', 0, NULL, '', NULL, 1400, NULL);



INSERT INTO `tbl_account_det` (`id`, `details`, `idvahed`, `ldate`, `ndoc`, `sal`) VALUES
(1, '', 1, '1399/11/14', 1, 1400);


INSERT INTO `tbl_acc_groh` (`Id`, `Title`) VALUES
(1, 'بانک');



INSERT INTO `tbl_acc_hesab` (`Id`, `Title`, `id_kol`, `bank`, `pos`) VALUES
(1, 'تجارت', '1', 1, 1),
(131, 'کشاورزی', '1', 1, 1),
(232, 'sdf', '1', 1, 0);



INSERT INTO `tbl_acc_kol` (`Id`, `Title`, `id_groh`) VALUES
(1, 'بانک', 1);



INSERT INTO `tbl_acc_tafsili` (`Id`, `Title`, `phone`, `address`) VALUES
(1, 'sdfsss2', '234', 'sdf sdf sdf sdf sdf sdf sdf sd sdfss fsd fsfsgdflkgj sfp uiwiri  sjifp;iom wsrf;wkr ikegxcgv'),
(2, 'sdf', '4234', 'wer'),
(3, 'sdf', '34', 'af safd'),
(4, '۲sdf', '234', '23'),
(23, 'sdf', '324', 'sfd');


INSERT INTO `tbl_attendance` (`Id`, `id_buy_doreh`, `session`, `presence`) VALUES
(96, 67, 824, 2),
(97, 78, 1364, 1),
(98, 81, 1364, 2);


INSERT INTO `tbl_bank` (`Id`, `id_username`, `mablagh`, `adate`, `model`, `fish`, `dyn1`, `id_record`, `id_hesab`, `portal`, `seen`) VALUES
(97, '37', 0, '2021-03-29 11:32:09', 1, '1234', NULL, NULL, NULL, NULL, NULL),
(98, '36', 0, '2021-03-29 12:07:48', 1, '1234', NULL, NULL, NULL, NULL, NULL),
(99, '36', 111, '2021-03-29 12:12:07', 1, '1234', NULL, NULL, NULL, NULL, NULL),
(100, '37', 0, '2021-03-29 12:20:22', 1, '1234', NULL, NULL, NULL, NULL, NULL),
(101, '38', 0, '2021-03-29 16:14:09', 1, '1234', NULL, NULL, NULL, NULL, NULL),
(102, '38', 0, '2021-03-29 16:15:27', 1, '1234', NULL, NULL, NULL, NULL, NULL),
(103, '36', 1000, '2021-03-30 19:20:40', 3, 'RESID', NULL, NULL, NULL, NULL, NULL),
(104, '36', 858900, '2021-03-30 19:20:58', 2, 'RESID', NULL, NULL, NULL, NULL, NULL),
(105, '36', 1000, '2021-03-30 19:21:37', 2, 'RESID', NULL, NULL, NULL, NULL, NULL),
(106, '36', 1000, '2021-03-30 20:24:37', 3, 'RESID', NULL, NULL, NULL, NULL, NULL),
(107, '36', 1000, '2021-03-30 20:25:04', 3, 'RESID', NULL, NULL, NULL, NULL, NULL),
(108, '36', 1000, '2021-03-30 21:09:18', 3, 'RESID', NULL, NULL, NULL, NULL, NULL),
(109, '36', 1000, '2021-03-31 13:23:41', 3, 'RESID', NULL, NULL, NULL, NULL, NULL),
(110, '36', 1000, '2021-03-31 13:24:14', 3, 'RESID', NULL, NULL, NULL, NULL, NULL),
(111, '36', 1000, '2021-03-31 13:24:19', 3, 'RESID', NULL, NULL, NULL, NULL, NULL),
(112, '36', 1000, '2021-03-31 13:26:27', 3, 'RESID', NULL, NULL, NULL, NULL, NULL),
(113, '36', 1000, '2021-03-31 22:50:32', 3, 'RESID', NULL, NULL, NULL, NULL, NULL),
(114, '36', 0, '2021-04-01 11:23:35', 3, 'RESID', NULL, NULL, NULL, NULL, NULL),
(115, '36', 12000, '2021-04-01 16:55:56', 3, 'RESID', NULL, NULL, NULL, NULL, NULL),
(116, '36', 12000, '2021-04-01 16:58:43', 3, 'RESID', NULL, NULL, NULL, NULL, NULL),
(117, '37', 0, '2021-04-01 17:13:20', 2, 'RESID', NULL, NULL, NULL, NULL, NULL),
(118, '37', 0, '2021-04-01 17:13:33', 2, 'RESID', NULL, NULL, NULL, NULL, NULL),
(119, '36', 20000, '2021-04-01 21:10:04', 3, 'RESID', NULL, NULL, NULL, NULL, NULL),
(120, '36', -1, '2021-04-01 21:14:31', 3, 'RESID', NULL, NULL, NULL, NULL, NULL),
(121, '57', 0, '2021-04-03 13:20:38', 2, 'RESID', NULL, NULL, NULL, NULL, NULL),
(122, '57', 0, '2021-04-03 13:22:51', 2, 'RESID', NULL, NULL, NULL, NULL, NULL),
(123, '36', 0, '2021-04-03 13:24:38', 2, 'RESID', NULL, NULL, NULL, NULL, NULL),
(124, '36', 1000, '2021-04-03 13:25:50', 2, 'RESID', NULL, NULL, NULL, NULL, NULL),
(125, '36', 2000, '2021-04-03 13:36:56', 2, 'RESID', NULL, NULL, NULL, NULL, NULL),
(126, '39', 10000, '2021-04-03 14:06:32', 2, 'RESID', NULL, NULL, NULL, NULL, NULL),
(127, '36', 1000, '2021-04-05 18:13:44', 3, 'RESID', NULL, NULL, NULL, NULL, NULL),
(128, '36', -1, '2021-04-05 18:17:47', 3, 'RESID', NULL, NULL, NULL, NULL, NULL),
(129, '36', -1, '2021-04-05 22:43:00', 3, 'RESID', NULL, NULL, NULL, NULL, NULL),
(130, '37', 4100000, '2021-04-15 12:02:25', 2, 'RESID', NULL, NULL, NULL, NULL, NULL),
(131, '37', 1000, '2021-04-15 23:16:41', 2, 'RESID', NULL, NULL, NULL, NULL, NULL),
(132, '37', 749000, '2021-04-16 13:47:09', 2, 'RESID', 79, NULL, NULL, NULL, NULL),
(133, '37', 0, '2021-04-16 13:47:33', 2, 'RESID', 74, NULL, NULL, NULL, NULL),
(134, '37', 10, '2021-04-16 13:47:43', 2, 'RESID', 79, NULL, NULL, NULL, NULL),
(135, '37', 0, '2021-04-16 13:58:40', 2, 'RESID', 79, NULL, NULL, NULL, NULL),
(136, '37', 749990, '2021-04-16 14:09:02', 2, 'RESID', 80, NULL, NULL, NULL, NULL),
(137, '37', 0, '2021-04-16 14:09:07', 2, 'RESID', 79, NULL, NULL, NULL, NULL),
(138, '37', 0, '2021-04-16 14:14:06', 2, 'RESID', 80, NULL, NULL, NULL, NULL),
(139, '37', 0, '2021-04-16 14:15:14', 2, 'RESID', 80, NULL, NULL, NULL, NULL),
(140, '72', 750000, '2021-04-16 20:14:56', 2, 'RESID', 83, NULL, NULL, NULL, NULL),
(141, '37', 0, '2021-04-20 20:53:41', 2, 'RESID', 92, NULL, NULL, NULL, NULL),
(142, '37', 10000, '2021-04-20 20:53:47', 2, 'RESID', 92, NULL, NULL, NULL, NULL),
(143, '38', 400000, '2021-04-22 12:54:44', 2, 'RESID', 96, NULL, NULL, NULL, NULL),
(144, '38', 391, '2021-04-26 16:59:19', 2, 'RESID', 97, NULL, NULL, NULL, NULL),
(145, '36', 10000, '2021-04-29 11:04:54', 3, 'RESID', NULL, NULL, NULL, NULL, NULL),
(146, '38', 10000, '2021-04-29 11:06:09', 3, 'RESID', NULL, NULL, NULL, NULL, NULL),
(147, '41', 800000, '2021-04-29 11:27:57', 2, 'RESID', 98, NULL, NULL, NULL, NULL),
(148, '36', 100000, '2021-04-29 11:51:16', 3, 'RESID', 101, NULL, NULL, NULL, NULL),
(149, '41', 100000, '2021-04-29 11:52:54', 3, 'RESID', 101, NULL, NULL, NULL, NULL),
(150, '36', 12311, '2021-04-29 20:23:18', 3, 'RESID', 97, NULL, NULL, NULL, NULL),
(151, '44', 12311, '2021-04-29 20:30:04', 3, 'RESID', 97, NULL, NULL, NULL, NULL),
(152, '37', 10000, '2021-04-30 11:20:59', 3, 'RESID', 97, NULL, NULL, NULL, NULL),
(153, '79', 100000, '2021-04-30 12:55:42', 3, 'RESID', 101, NULL, NULL, NULL, NULL),
(154, '79', 1222222, '2021-04-30 16:26:27', 3, 'RESID', 104, NULL, NULL, NULL, NULL),
(155, '79', 1222222, '2021-04-30 16:26:33', 3, 'RESID', 104, NULL, NULL, NULL, NULL),
(156, '79', 1222222, '2021-04-30 16:26:44', 3, 'RESID', 104, NULL, NULL, NULL, NULL),
(157, '79', 12312131, '2021-04-30 16:32:22', 3, 'RESID', 105, NULL, NULL, NULL, NULL),
(158, '79', 9999, '2021-04-30 16:34:32', 3, 'RESID', 107, NULL, NULL, NULL, NULL),
(159, '79', 432000, '2021-04-30 19:22:33', 2, 'RESID', 106, NULL, NULL, NULL, NULL),
(160, '79', 25000, '2021-04-30 19:33:24', 2, 'RESID', 112, NULL, NULL, NULL, NULL),
(161, '79', 80000, '2021-04-30 19:35:56', 2, 'RESID', 113, NULL, NULL, NULL, NULL),
(162, '78', 432000, '2021-04-30 20:43:24', 2, 'RESID', 115, NULL, NULL, NULL, NULL),
(163, '78', 10000, '2021-04-30 20:47:45', 3, 'RESID', 116, NULL, NULL, NULL, NULL),
(164, '78', 100000, '2021-04-30 20:52:35', 2, 'RESID', 118, NULL, NULL, NULL, NULL),
(165, '79', 123, '2021-04-30 22:28:58', 3, 'RESID', 114, NULL, NULL, NULL, NULL),
(166, '79', 10000, '2021-04-30 22:35:26', 3, 'RESID', 111, NULL, NULL, NULL, NULL),
(167, '79', 26911919, '2021-05-01 06:38:33', 2, 'RESID', 0, NULL, NULL, NULL, NULL),
(168, '79', 313000, '2021-05-01 07:38:43', 2, 'RESID', 120, NULL, NULL, NULL, NULL),
(169, '79', 200000, '2021-05-01 07:51:21', 2, 'RESID', 121, NULL, NULL, NULL, NULL),
(170, '79', 10000, '2021-05-01 07:52:27', 2, 'RESID', 120, NULL, NULL, NULL, NULL),
(171, '79', 1000, '2021-05-01 07:52:43', 2, 'RESID', 121, NULL, NULL, NULL, NULL),
(172, '79', 10000, '2021-05-01 08:20:02', 3, 'RESID', 120, NULL, NULL, NULL, NULL),
(173, '79', 57000, '2021-05-01 17:02:23', 2, 'RESID', 122, NULL, NULL, NULL, NULL),
(174, '79', 15000, '2021-05-01 20:31:55', 3, 'RESID', 123, NULL, NULL, NULL, NULL),
(175, '37', 75000, '2021-05-01 22:23:44', 2, 'RESID', 90, 36, 1, NULL, NULL),
(176, '79', 10000, '2021-05-01 22:25:45', 2, 'RESID', 90, 36, 1, NULL, NULL),
(177, '79', 725000, '2021-05-01 22:26:05', 2, 'RESID', 90, 36, 1, NULL, NULL),
(178, '79', 1000, '2021-05-01 22:33:59', 2, 'RESID', 121, 36, 1, NULL, NULL),
(179, '37', 10000, '2021-05-01 22:34:18', 2, 'RESID', 88, 36, 1, NULL, NULL),
(180, '37', 1000, '2021-05-01 22:34:24', 2, 'RESID', 88, 36, 1, NULL, NULL),
(181, '79', 20000, '2021-05-04 19:24:04', 2, 'RESID', 129, 36, 1, NULL, NULL),
(182, '79', 10, '2021-05-04 20:49:55', 2, 'RESID', 129, 36, 1, NULL, NULL),
(183, '79', 50000, '2021-05-04 22:09:26', 2, 'RESID', 128, 36, 1, NULL, NULL),
(184, '79', 797778, '2021-05-05 00:00:00', 4, 't34', 129, 36, 131, NULL, NULL),
(185, '79', 400000, '2021-05-05 14:23:50', 2, 'RESID', 131, 36, 1, NULL, NULL),
(186, '79', 380000, '2021-05-05 00:00:00', 4, '390m380e10', 131, 36, 1, NULL, NULL),
(187, '79', 300000, '2021-05-05 17:48:48', 2, 'RESID', 132, 36, 1, NULL, NULL),
(188, '79', 270000, '2021-05-05 23:59:59', 4, 'Ir234234', 132, 36, 1, NULL, NULL),
(189, '79', 20000, '2021-05-05 23:59:59', 4, 'IR234234', 132, 36, 1, NULL, NULL),
(190, '79', 5000, '2021-05-05 23:59:59', 4, 'sdf', 131, 36, 1, NULL, NULL),
(191, '79', 5000, '2021-05-05 23:59:59', 4, 'as', 131, 36, 1, NULL, NULL),
(192, '79', 0, '2021-05-05 23:59:59', 4, 'as', 132, 36, 1, NULL, NULL),
(193, '79', -750000, '2021-05-05 23:59:59', 4, 'IR324234', 134, 36, 1, NULL, NULL),
(194, '79', 740000, '2021-05-05 23:59:59', 4, 'IR34234234', 134, 36, 1, NULL, NULL),
(195, '37', 25000, '2021-05-05 20:06:12', 2, 'RESID', 136, 36, 1, NULL, NULL),
(196, '41', 700000, '2021-05-05 21:00:46', 2, 'RESID', 137, 36, 1, NULL, NULL),
(197, '41', 690000, '2021-05-05 23:59:59', 4, 'IR234234', 137, 36, 1, NULL, NULL),
(198, '79', 500000, '2021-05-05 21:47:19', 2, 'RESID', 139, 36, 1, NULL, NULL),
(199, '79', 300000, '2021-05-05 23:59:59', 4, 'IR23423', 139, 36, 1, NULL, NULL),
(200, '79', 10, '2021-05-05 23:59:59', 4, 'sdf', 139, 36, 1, NULL, NULL),
(201, '79', 10, '2021-05-05 23:59:59', 4, 'sdf', 139, 36, 1, NULL, NULL),
(202, '79', 1000, '2021-05-05 23:59:59', 4, 'IR234234', 139, 36, 1, NULL, NULL),
(203, '79', 100000, '2021-05-05 23:59:59', 4, 'IR234234234234234', 139, 36, 1, NULL, NULL),
(204, '79', 5000, '2021-05-05 23:59:59', 4, '23', 139, 36, 1, NULL, NULL),
(205, '79', 5000, '2021-05-05 23:59:59', 4, '23', 139, 36, 1, NULL, NULL),
(206, '79', 5000, '2021-05-05 23:59:59', 4, '23', 139, 36, 1, NULL, NULL),
(207, '79', 5000, '2021-05-05 23:59:59', 4, 'sdfsd', 139, 36, 1, NULL, NULL),
(208, '79', 5000, '2021-05-05 23:59:59', 4, 'sdfsd', 139, 36, 1, NULL, NULL),
(209, '79', 72980, '2021-05-05 23:59:59', 4, 'ewrwer', 139, 36, 1, NULL, NULL),
(210, '37', 700000, '2021-05-05 23:25:39', 2, 'RESID', 140, 36, 1, NULL, NULL),
(211, '37', 500000, '2021-05-06 07:11:27', 2, 'RESID', 141, 36, 1, NULL, NULL),
(212, '2', 2, '2022-09-29 11:48:55', 2, 'RESID', 146, 1, 1, NULL, 1),
(213, '8', 1550000, '2022-10-30 13:24:04', 1, 'resid', 154, 8, 1, NULL, 0),
(214, '8', 1550000, '2022-10-30 13:29:48', 1, 'resid', 154, 8, 1, NULL, 0);



INSERT INTO `tbl_buy_doreh` (`Id`, `id_doreh`, `date_buy`, `id_username`, `fee`, `score_t`, `score_a`, `score`, `exam`, `delivery_book`, `cancel`, `penalty_cancel`, `cancel_date`, `card`, `portal`, `type`, `discount1`, `discount2`, `id_discount2`, `state`, `seen`, `id_record`, `adate_delivery_book`) VALUES
(142, 101, '2021-05-06 07:25:31', 79, 850000, NULL, NULL, NULL, NULL, NULL, NULL, NULL, NULL, NULL, NULL, 1, 50000, NULL, NULL, NULL, NULL, NULL, NULL),
(143, 97, '2021-05-06 07:26:02', 79, 800000, NULL, NULL, NULL, NULL, NULL, NULL, NULL, NULL, NULL, NULL, 1, 50000, NULL, NULL, NULL, NULL, NULL, NULL),
(144, 98, '2021-05-23 20:58:50', 79, 800000, NULL, NULL, NULL, NULL, NULL, NULL, NULL, NULL, NULL, NULL, 2, 0, NULL, NULL, NULL, NULL, NULL, NULL),
(145, 101, '2022-09-23 16:57:24', 2, 850000, NULL, NULL, NULL, NULL, 1, NULL, NULL, NULL, NULL, NULL, 1, 50000, NULL, NULL, 1, 1, 1, '2022-09-29 13:26:04'),
(146, 97, '2022-09-24 15:52:38', 2, 800000, NULL, NULL, NULL, NULL, NULL, NULL, NULL, NULL, NULL, NULL, 1, 50000, NULL, NULL, 1, 1, 1, NULL),
(147, 100, '2022-09-24 19:30:23', 4, 850000, NULL, NULL, NULL, NULL, NULL, NULL, NULL, NULL, NULL, NULL, 1, 100000, NULL, NULL, 1, 1, 1, NULL),
(148, 98, '2022-09-24 19:30:30', 4, 800000, NULL, NULL, NULL, NULL, NULL, NULL, NULL, NULL, NULL, NULL, 1, 50000, NULL, NULL, 1, 1, 1, NULL),
(149, 101, '2022-09-24 19:49:42', 5, 850000, NULL, NULL, NULL, NULL, 0, NULL, NULL, NULL, NULL, NULL, 1, 50000, NULL, NULL, 1, 1, 1, '2022-09-29 13:28:30'),
(150, 101, '2022-09-29 14:44:17', 6, 850000, NULL, NULL, NULL, NULL, NULL, NULL, NULL, NULL, NULL, NULL, 1, 50000, NULL, NULL, 1, 1, 1, NULL),
(151, 101, '2022-09-29 14:44:58', 7, 850000, NULL, NULL, NULL, NULL, NULL, NULL, NULL, NULL, NULL, NULL, 1, 50000, NULL, NULL, 1, 1, 1, NULL),
(152, 100, '2022-09-29 14:45:04', 7, 850000, NULL, NULL, NULL, NULL, NULL, NULL, NULL, NULL, NULL, NULL, 1, 100000, NULL, NULL, 1, 1, 1, NULL),
(153, 101, '2022-09-29 14:45:24', 8, 850000, NULL, NULL, NULL, NULL, NULL, NULL, NULL, NULL, NULL, NULL, 1, 50000, NULL, NULL, 1, 1, 1, NULL),
(154, 100, '2022-09-29 14:45:30', 8, 850000, NULL, NULL, NULL, NULL, NULL, NULL, NULL, NULL, NULL, NULL, 1, 100000, NULL, NULL, 1, 1, 1, NULL),
(155, 101, '2022-09-29 14:45:53', 9, 850000, NULL, NULL, NULL, NULL, NULL, NULL, NULL, NULL, NULL, NULL, 1, 50000, NULL, NULL, 1, 1, 1, NULL),
(156, 100, '2022-09-29 14:45:55', 9, 850000, NULL, NULL, NULL, NULL, NULL, NULL, NULL, NULL, NULL, NULL, 1, 100000, NULL, NULL, 1, 1, 1, NULL),
(157, 98, '2022-09-29 14:45:56', 9, 800000, NULL, NULL, NULL, NULL, NULL, NULL, NULL, NULL, NULL, NULL, 1, 50000, NULL, NULL, 1, 1, 1, NULL);




INSERT INTO `tbl_cart` (`id`, `ndoc`, `product`, `number`, `total_price`, `state`) VALUES
(136, 39, 3, 2, 10000, 1),
(137, 40, 1, 1, 250000, 1),
(138, 40, 5, 1, 56222, 1);


INSERT INTO `tbl_cart_doc` (`Id`, `adate`, `username`, `state`, `seen`) VALUES
(39, '2021-03-30 18:19:23', '36', NULL, NULL),
(40, '2021-05-01 07:32:05', '79', NULL, NULL);


INSERT INTO `tbl_classroom` (`Id`, `classroom`, `name`, `id_reshteh`) VALUES
(1, 101, 'swer', 2),
(2, 102, 'kjg', 2),
(3, 101, 'پویا', 3);



INSERT INTO `tbl_color` (`Id`, `name`, `main1`, `main2`, `header`, `white`, `gray`, `black`, `login`, `green`) VALUES
(1, 'قرمز خاکستری', '#61001d', '#9d9ca0', '#b23434', '#ffffff', '#64625e', '#2d3436', '#ffffff', '#2ecc71'),
(8, 'سبز و زرد', '#05a836', '#beff0a', '#05570a', '#ffffff', '#5d5b5b', '#000000', '#ffffff', '#59ff00'),
(14, 'آبی و مشکی', '#011789', '#ded9d9', '#07266e', '#ffffff', '#5f5d5d', '#000000', '#ffffff', '#4eb00c');



INSERT INTO `tbl_discount` (`Id`, `title`, `pass_code`, `percent_discount`, `max_discount`, `min_buy`, `start_discount`, `end_discount`, `state`, `specific_doreh`, `specific_user`) VALUES
(1, 'a', 'Salart22@', 2, 23000, 20000, '1399/11/02', '1400/02/15', 2, 97, 0),
(2, 'sdfsd', '23', 100, 41500, 2000, '1400/01/03', '1400/03/26', 1, 97, 0);



INSERT INTO `tbl_doreh` (`Id`, `id_reshteh`, `code_doreh`, `start_doreh`, `end_doreh`, `name_pic`, `state`, `session`, `session_t`, `session_a`, `fee`, `fee_together`, `payment1`, `payment2`, `capacity`, `absent`, `no_start_date`, `no_seen_title`, `gender`, `name_pic_2`, `virtual`, `private_class`, `color_text`, `color_back`, `second_exam`, `second_portal`, `closed`) VALUES
(97, 3, NULL, '1400/02/30', '1400/03/29', '..jpeg', 1, 12, 14, 26, 800000, 750000, 350000, 400000, 10, 3, 0, NULL, NULL, NULL, NULL, NULL, NULL, NULL, NULL, NULL, NULL),
(98, 3, NULL, '1400/02/21', '1400/05/21', NULL, 1, 12, 14, 26, 800000, 750000, 350000, 400000, 10, 12, 0, NULL, NULL, NULL, NULL, NULL, NULL, NULL, NULL, NULL, NULL),
(100, 2, NULL, '1400/01/05', '1400/01/10', NULL, 1, 3, 12, 5, 850000, 750000, 400000, 400000, 10, 11, 0, NULL, NULL, NULL, NULL, NULL, NULL, NULL, NULL, NULL, NULL),
(101, 2, NULL, '1401/07/04', '1401/07/23', NULL, 1, 3, 12, 5, 850000, 800000, 400000, 400000, 10, 2, 0, '', 0, NULL, 1, 1, '#000000', '#000000', 3, 31, 0),
(102, 2, NULL, '1400/03/08', '1400/03/12', NULL, NULL, 3, 12, 5, 850000, 800000, 400000, 400000, NULL, NULL, NULL, NULL, NULL, NULL, NULL, NULL, NULL, NULL, NULL, NULL, NULL);



INSERT INTO `tbl_doreh_time` (`Id`, `id_doreh`, `time_s`, `time_e`, `day`, `noe`, `teacher`, `class`) VALUES
(92, 97, '08:00', '10:00', 7, 1, 35, 3),
(93, 97, '08:00', '10:00', 4, 1, 39, 3),
(94, 97, '08:00', '10:00', 1, 1, 39, 3),
(150, 101, '08:00', '10:00', 1, 1, 0, 1);


INSERT INTO `tbl_envelope` (`Id`, `model`, `id_user`, `id_record`, `id_buy_doreh`, `inf`, `adate`, `id_exam_plan`) VALUES
(282, 4, NULL, NULL, NULL, NULL, NULL, NULL),
(283, 4, NULL, NULL, NULL, NULL, NULL, NULL),
(284, 4, NULL, NULL, NULL, NULL, NULL, NULL),
(285, 4, NULL, NULL, NULL, NULL, NULL, NULL),
(286, 4, NULL, NULL, NULL, NULL, NULL, NULL),
(287, 4, NULL, NULL, NULL, NULL, NULL, NULL),
(288, 4, NULL, NULL, NULL, NULL, NULL, NULL),
(289, 4, NULL, NULL, NULL, NULL, NULL, NULL),
(290, 4, NULL, NULL, NULL, NULL, NULL, NULL),
(291, 4, NULL, NULL, NULL, NULL, NULL, NULL),
(292, 4, NULL, NULL, NULL, NULL, NULL, NULL),
(293, 4, NULL, NULL, NULL, NULL, NULL, NULL),
(294, 4, NULL, NULL, NULL, NULL, NULL, NULL),
(295, 4, NULL, NULL, NULL, NULL, NULL, NULL),
(296, 4, NULL, NULL, NULL, NULL, NULL, NULL),
(297, 4, NULL, NULL, NULL, NULL, NULL, NULL),
(298, 4, NULL, NULL, NULL, NULL, NULL, NULL),
(299, 4, NULL, NULL, NULL, NULL, NULL, NULL),
(300, 4, NULL, NULL, NULL, NULL, NULL, NULL),
(301, 4, NULL, NULL, NULL, NULL, NULL, NULL),
(302, 4, NULL, NULL, NULL, NULL, NULL, NULL),
(303, 4, NULL, NULL, NULL, NULL, NULL, NULL),
(304, 4, NULL, NULL, NULL, NULL, NULL, NULL),
(305, 4, NULL, NULL, NULL, NULL, NULL, NULL),
(306, 4, NULL, NULL, NULL, NULL, NULL, NULL),
(307, 4, NULL, NULL, NULL, NULL, NULL, NULL),
(308, 4, NULL, NULL, NULL, NULL, NULL, NULL),
(309, 1, NULL, NULL, NULL, NULL, NULL, NULL),
(310, 4, NULL, NULL, NULL, NULL, NULL, NULL),
(311, 4, NULL, NULL, NULL, NULL, NULL, NULL),
(312, 2, NULL, NULL, NULL, NULL, NULL, NULL),
(313, 2, NULL, NULL, NULL, NULL, NULL, NULL),
(314, 4, NULL, NULL, NULL, NULL, NULL, NULL),
(315, 1, NULL, NULL, NULL, NULL, NULL, NULL),
(316, 4, NULL, NULL, NULL, NULL, NULL, NULL),
(317, 4, NULL, NULL, NULL, NULL, NULL, NULL),
(318, 2, NULL, NULL, NULL, NULL, NULL, NULL),
(319, 3, NULL, NULL, NULL, NULL, NULL, NULL),
(320, 3, NULL, NULL, NULL, NULL, NULL, NULL),
(321, 2, NULL, NULL, NULL, NULL, NULL, NULL),
(322, 1, NULL, NULL, NULL, NULL, NULL, NULL),
(323, 1, NULL, NULL, NULL, NULL, NULL, NULL),
(324, 1, NULL, NULL, NULL, NULL, NULL, NULL),
(325, 1, NULL, NULL, NULL, NULL, NULL, NULL),
(326, 3, NULL, NULL, NULL, NULL, NULL, NULL),
(327, 2, NULL, NULL, NULL, NULL, NULL, NULL),
(328, 3, NULL, NULL, NULL, NULL, NULL, NULL),
(329, 2, NULL, NULL, NULL, NULL, NULL, NULL),
(330, 2, NULL, NULL, NULL, NULL, NULL, NULL),
(331, 3, NULL, NULL, NULL, NULL, NULL, NULL),
(332, 4, NULL, NULL, NULL, NULL, NULL, NULL),
(333, 4, NULL, NULL, NULL, NULL, NULL, NULL),
(334, 4, NULL, NULL, NULL, NULL, NULL, NULL),
(335, 4, NULL, NULL, NULL, NULL, NULL, NULL),
(336, 4, NULL, NULL, NULL, NULL, NULL, NULL),
(337, 11, 2, 1, '145', '1', '2022-09-23 22:39:39', NULL),
(338, 12, 2, 1, '145', '0', '2022-09-23 22:39:39', NULL),
(339, 13, 2, 1, '145', '', '2022-09-23 22:39:39', NULL),
(340, 13, 2, 1, '145', '2', '2022-09-23 22:46:19', NULL),
(341, 13, 2, 1, '145', '3', '2022-09-23 22:50:30', NULL),
(342, 11, 2, 1, '145', '2', '2022-09-23 22:50:50', NULL),
(343, 12, 2, 1, '145', '1', '2022-09-23 22:54:41', NULL),
(344, 13, 2, 1, '145', '1', '2022-09-23 22:54:51', NULL),
(345, 11, 2, 1, '145', '8', '2022-09-23 22:55:02', NULL),
(347, 13, 2, 1, '145', '12', '2022-09-23 22:55:21', NULL),
(348, 13, 2, 1, '145', '13', '2022-09-23 22:55:25', NULL),
(349, 12, 2, 1, '145', '0', '2022-09-23 22:55:30', NULL),
(350, 13, 2, 1, '145', '-2', '2022-09-23 22:55:58', NULL),
(351, 11, 2, 1, '145', '-2', '2022-09-23 22:57:51', NULL),
(352, 13, 2, 1, '145', '2', '2022-09-23 22:57:56', NULL),
(353, 11, 2, 1, '145', '-1', '2022-09-24 10:47:52', NULL),
(356, 4, 2, 1, ';145;', '', '2022-09-24 12:05:52', NULL),
(357, 1, 2, 1, ';145;', 'با آزمون ، منتظر مدرک', '2022-09-24 15:36:20', NULL),
(358, 1, 2, 1, ';145;', 'با آزمون ، منتظر مدرک', '2022-09-24 15:36:58', NULL),
(363, 2, 2, 1, ';145;', 'حضور محترم </br>۱۲۰ساعت', '2022-09-24 21:58:40', 0),
(364, 2, 2, 1, ';145;', 'حضور محترم </br>۱۲۰ساعت', '2022-09-24 22:05:59', 0),
(365, 2, 2, 1, ';145;', 'حضور محترم </br>۱۲۰ساعت', '2022-09-24 22:06:57', 0),
(366, 2, 2, 1, ';145;', 'حضور محترم </br>۱۲۰ساعت', '2022-09-24 22:07:22', 0),
(367, 3, 2, 1, ';145;', 'مدیریت داروخانه آبس</br>', '2022-09-24 22:11:52', 0),
(368, 3, 2, 1, ';145;', 'مدیریت داروخانه </br>', '2022-09-24 22:15:10', 0),
(369, 3, 2, 1, ';145;', 'مدیریت داروخانه </br>', '2022-09-24 22:15:52', 0),
(370, 3, 2, 1, ';145;', 'مدیریت داروخانه </br>', '2022-09-24 22:16:37', 0),
(371, 3, 2, 1, ';145;', 'مدیریت داروخانه </br>', '2022-09-24 22:17:16', 0),
(372, 3, 2, 1, ';145;', 'مدیریت داروخانه </br>', '2022-09-24 22:17:45', 0),
(373, 3, 2, 1, ';145;', 'مدیریت داروخانه </br>', '2022-09-24 22:18:16', 0),
(374, 3, 2, 1, ';145;', 'مدیریت داروخانه </br>', '2022-09-24 22:20:18', 0),
(375, 3, 2, 1, ';145;', 'مدیریت داروخانه </br>', '2022-09-24 22:21:00', 0),
(376, 1, 2, 1, ';145;', 'با آزمون ، منتظر مدرک', '2022-09-24 22:38:25', 0),
(377, 1, 2, 1, ';146;', 'با آزمون ، منتظر مدرک', '2022-09-24 22:46:12', 0),
(378, 1, 2, 1, ';146;', 'با آزمون ، منتظر مدرک', '2022-09-24 22:46:53', 0),
(379, 1, 2, 1, ';146;', 'با آزمون ، منتظر مدرک', '2022-09-24 22:47:22', 0),
(380, 1, 2, 1, ';146;', 'با آزمون ، منتظر مدرک', '2022-09-24 22:47:59', 0),
(381, 1, 2, 1, ';145;', 'با آزمون ، منتظر مدرک', '2022-09-24 22:48:15', 0),
(382, 11, 79, 1, '142', '5.5', '2022-09-29 10:23:26', 9),
(383, 11, 2, 1, '145', '8', '2022-09-29 10:23:26', 9),
(384, 11, 5, 1, '149', '7', '2022-09-29 10:23:26', 9),
(385, 11, 4, 1, '147', '6', '2022-09-29 10:23:26', 9),
(386, 12, 79, 1, '142', '1', '2022-09-29 10:24:29', 0),
(387, 12, 2, 1, '145', '1', '2022-09-29 10:24:35', 0),
(388, 12, 5, 1, '149', '1', '2022-09-29 10:24:40', 0),
(389, 12, 4, 1, '147', '1', '2022-09-29 10:24:44', 0),
(392, 13, 4, 1, '147', '14', '2022-09-29 10:25:02', 10),
(394, 11, 9, 1, '155', '-1', '2022-09-29 14:58:25', 11),
(395, 11, 9, 1, '156', '-1', '2022-09-29 14:58:25', 11),
(396, 11, 6, 1, '150', '-1', '2022-09-29 14:58:25', 11),
(397, 11, 7, 1, '151', '-1', '2022-09-29 14:58:25', 11),
(398, 11, 8, 1, '153', '-1', '2022-09-29 14:58:25', 11),
(399, 11, 8, 1, '154', '-1', '2022-09-29 14:58:25', 11),
(400, 11, 7, 1, '152', '-1', '2022-09-29 14:58:25', 11),
(401, 11, 6, 1, '150', '-1', '2022-09-29 14:59:11', 12),
(402, 11, 7, 1, '151', '-1', '2022-09-29 14:59:11', 12),
(403, 11, 8, 1, '153', '-1', '2022-09-29 14:59:11', 12),
(404, 11, 9, 1, '155', '-1', '2022-09-29 14:59:11', 12),
(405, 11, 9, 1, '156', '-1', '2022-09-29 14:59:11', 12),
(406, 11, 8, 1, '154', '-1', '2022-09-29 14:59:11', 12),
(407, 11, 7, 1, '152', '-1', '2022-09-29 14:59:11', 12),
(408, 11, 9, 1, '155', '6', '2022-09-29 15:03:03', 13),
(409, 11, 9, 1, '156', '5', '2022-09-29 15:03:03', 13),
(410, 11, 6, 1, '150', '6', '2022-09-29 15:03:03', 13),
(411, 11, 7, 1, '151', '7', '2022-09-29 15:03:03', 13),
(412, 11, 8, 1, '153', '8', '2022-09-29 15:03:03', 13),
(413, 12, 6, 1, '150', '1', '2022-09-29 16:00:24', 0),
(414, 12, 8, 1, '153', '1', '2022-09-29 16:00:30', 0),
(415, 12, 7, 1, '151', '1', '2022-09-29 16:00:33', 0),
(416, 12, 9, 1, '155', '1', '2022-09-29 16:00:37', 0),
(417, 12, 9, 1, '156', '1', '2022-09-29 16:00:40', 0),
(418, 11, 8, 1, '154', '6', '2022-09-29 16:01:35', 0),
(419, 12, 8, 1, '154', '1', '2022-09-29 16:01:35', 0),
(420, 11, 7, 1, '152', '5', '2022-09-29 16:01:42', 0),
(421, 12, 7, 1, '152', '1', '2022-09-29 16:01:42', 0),
(422, 13, 2, 1, '145', '', '2022-09-29 16:02:15', 0),
(423, 13, 5, 1, '149', '', '2022-09-29 16:03:17', 14),
(424, 13, 6, 1, '150', '', '2022-09-29 16:03:17', 14),
(425, 13, 7, 1, '151', '', '2022-09-29 16:03:17', 14),
(426, 13, 79, 1, '142', '-2', '2022-09-29 16:03:17', 14),
(427, 13, 2, 1, '145', '', '2022-09-29 16:03:17', 14),
(428, 13, 8, 1, '153', '2', '2022-09-29 16:03:17', 14),
(429, 13, 9, 1, '155', '', '2022-09-29 16:03:17', 14),
(430, 13, 9, 1, '156', '', '2022-09-29 16:03:17', 14),
(431, 13, 8, 1, '154', '', '2022-09-29 16:03:17', 14),
(432, 4, 8, 1, ';153;', '', '2022-10-01 17:56:55', 0),
(433, 4, 8, 1, ';153;', '', '2022-10-01 18:07:50', 0),
(434, 4, 8, 8, ';153;', '', '2022-11-19 10:26:25', 0),
(435, 4, 8, 8, ';153;', '', '2022-11-19 10:26:34', 0),
(436, 4, 8, 8, ';153;', '', '2022-11-19 10:26:51', 0),
(437, 2, 2, 1, ';146;', 'حضور محترم انا</br>۱۲۰ساعت', '2022-11-19 10:39:50', 0),
(438, 2, 2, 1, ';146;', 'حضور محترم sjf</br>۱۲۰ساعت', '2022-11-19 10:43:53', 0),
(439, 2, 2, 1, ';146;', 'حضور محترم تمسینب</br>۱۲۰ساعت', '2022-11-19 10:57:33', 0),
(440, 2, 2, 1, ';146;', 'حضور محترم تست</br>۱۲۰ساعت', '2022-11-19 11:01:22', 0),
(441, 2, 2, 1, ';146;', 'حضور محترم سب</br>۱۲۰ساعت', '2022-11-19 11:02:03', 0),
(442, 2, 2, 1, ';146;', 'حضور محترم تسم</br>۱۲۰ساعت', '2022-11-19 11:04:46', 0),
(443, 2, 2, 1, ';146;', 'حضور محترم تمستیب</br>۱۲۰ساعت', '2022-11-19 11:19:26', 0),
(444, 2, 2, 1, ';146;', 'حضور محترم تست</br>۱۲۰ساعت', '2022-11-19 11:20:42', 0),
(445, 1, 2, 1, ';146;', 'با آزمون ، منتظر مدرک', '2022-11-19 11:23:39', 0),
(446, 3, 2, 1, ';146;', '  ود</br>', '2022-11-19 11:23:56', 0),
(447, 2, 2, 1, ';146;', 'حضور محترم سینب</br>۱۲۰ساعت', '2022-11-19 11:24:13', 0),
(448, 2, 2, 1, ';146;', 'حضور محترم بی</br>۱۲۰ساعت', '2022-11-19 11:27:34', 0),
(449, 2, 2, 1, ';146;', 'حضور محترم ست</br>۱۲۰ساعت', '2022-11-19 11:29:44', 0);




INSERT INTO `tbl_exam_plan` (`Id`, `date_exam`, `id_record`, `adate`, `koa`, `id_doreh`) VALUES
(9, '1401/07/01', 1, '2022-09-29 10:23:26', 1, 100),
(10, '1401/07/05', 1, '2022-09-29 10:25:02', 0, 100),
(11, '1402/07/01', 1, '2022-09-29 14:58:24', 1, 101),
(12, '1401/07/05', 1, '2022-09-29 14:59:11', 1, 101),
(13, '1401/07/20', 1, '2022-09-29 15:03:03', 1, 101),
(14, '1401/07/04', 1, '2022-09-29 16:03:17', 0, 0);




INSERT INTO `tbl_ex_buy` (`Id`, `fee`, `id_username`, `id_doreh`, `date_buy`, `id_record`, `type`, `seen`) VALUES
(1, 3, 7, 101, '2022-10-09 09:06:38', 1, 5, 0);



INSERT INTO `tbl_factor` (`Id`, `id_goods`, `fee`, `number`, `date_record`, `adate`, `from_id`, `model`, `date_check`, `id_tafsili`, `detail`) VALUES
(2, 5, 200000, '234', '1400/01/08', NULL, NULL, 3, '', 1, '24'),
(3, 1, 2324, '234', '1400/01/01', NULL, NULL, 2, '1400/01/02', 0, '243'),
(7, 1, 234234, '12', '1400/01/08', NULL, NULL, 1, '', 0, '312');


INSERT INTO `tbl_gallery` (`Id`, `name_pic`) VALUES
(1, '.jpeg'),
(2, '.jpeg'),
(3, '.jpeg'),
(4, '.jpeg'),
(5, '.jpeg'),
(6, '.jpeg'),
(7, '.jpeg');


INSERT INTO `tbl_goods` (`Id`, `Title`) VALUES
(1, 'خودکار'),
(5, 'چای'),
(6, 'کتاب nursing ');


INSERT INTO `tbl_ht_rate` (`Id`, `id_username`, `fee`, `start_date`, `end_date`, `adate`, `id_doreh`, `tedad`, `mal`) VALUES
(3, 39, 500, '1400/01/09', '1400/01/15', '2021-03-31 21:50:29', NULL, NULL, NULL),
(4, 39, 1, '1400/01/01', '1400/01/11', '2021-04-04 22:17:56', NULL, NULL, NULL),
(6, 40, 5555, '1400/01/01', '1400/01/05', '2021-03-31 22:11:53', NULL, NULL, NULL),
(7, 40, 333, '1400/01/08', '1400/01/11', '2021-03-31 22:02:40', NULL, NULL, NULL),
(10, 40, 555, '1400/01/01', '1400/01/02', '2021-03-31 22:12:02', NULL, NULL, NULL);



INSERT INTO `tbl_meet` (`Id`, `id_doreh`, `teacher`, `meet_date`, `time_s`, `hours`, `state`, `fee`, `id_subject`, `class`, `err`, `err_help`) VALUES
(2039, 98, 39, '1400/02/30', '09:00', 1, 0, 100, 6, 3, NULL, NULL),
(2040, 98, 39, '1400/03/06', '09:00', 1, 0, 100, 7, 3, NULL, NULL),
(2041, 98, 39, '1400/03/13', '09:00', 1, 0, 100, 8, 3, NULL, NULL),
(2042, 98, 39, '1400/03/20', '09:00', 1, 0, 100, 9, 3, NULL, NULL),
(2043, 98, 39, '1400/03/27', '09:00', 1, 0, 100, 10, 3, NULL, NULL),
(2044, 98, 39, '1400/04/03', '09:00', 1, 0, 100, 11, 3, NULL, NULL),
(2045, 98, 39, '1400/04/10', '09:00', 1, 0, 100, 12, 3, NULL, NULL),
(2046, 98, 39, '1400/04/17', '09:00', 1, 0, 100, 13, 3, NULL, NULL),
(2047, 98, 39, '1400/04/24', '09:00', 1, 0, 100, 14, 3, NULL, NULL),
(2048, 98, 39, '1400/04/31', '09:00', 1, 0, 100, 15, 3, NULL, NULL),
(2049, 98, 39, '1400/05/14', '09:00', 1, 0, 100, 16, 3, NULL, NULL),
(2050, 98, 39, '1400/05/21', '09:00', 1, 0, 100, 17, 3, NULL, NULL),
(2063, 97, 35, '1400/02/31', '08:00', 2, 0, 100, 6, 3, NULL, NULL),
(2064, 97, 39, '1400/03/01', '08:00', 2, 0, 100, 7, 3, NULL, NULL),
(2065, 97, 39, '1400/03/04', '08:00', 2, 0, 100, 8, 3, NULL, NULL),
(2066, 97, 35, '1400/03/07', '08:00', 2, 0, 100, 9, 3, NULL, NULL),
(2067, 97, 39, '1400/03/08', '08:00', 2, 0, 100, 10, 3, NULL, NULL),
(2068, 97, 39, '1400/03/11', '08:00', 2, 0, 100, 11, 3, NULL, NULL),
(2069, 97, 39, '1400/03/18', '08:00', 2, 0, 100, 12, 3, NULL, NULL),
(2070, 97, 35, '1400/03/21', '08:00', 2, 0, 100, 13, 3, NULL, NULL),
(2071, 97, 39, '1400/03/22', '08:00', 2, 0, 100, 14, 3, NULL, NULL),
(2072, 97, 39, '1400/03/25', '08:00', 2, 0, 100, 15, 3, NULL, NULL),
(2073, 97, 35, '1400/03/28', '08:00', 2, 0, 100, 16, 3, NULL, NULL),
(2074, 97, 39, '1400/03/29', '08:00', 2, 0, 100, 17, 3, NULL, NULL),
(2075, 101, 0, '1401/07/09', '08:00', 2, 0, 100, 1, 1, 0, ''),
(2076, 101, 0, '1401/07/16', '08:00', 2, 0, 100, 2, 1, 0, ''),
(2077, 101, 0, '1401/07/23', '08:00', 2, 0, 100, 3, 1, 0, ''),
(2078, 0, 0, '1401/08/18', '11:00', 3, 2, NULL, 4, 1, 0, ''),
(2079, 0, 1, '1401/08/19', '17:00', 3, 2, NULL, 5, 2, 0, ''),
(2080, 0, 1, '1401/08/18', '08:00', 3, 2, NULL, 4, 3, 0, ''),
(2081, 0, 0, '1401/08/18', '17:00', 3, 2, NULL, 4, 1, 0, ''),
(2082, 0, 9, '1401/08/18', '17:00', 3, 2, NULL, 4, 1, 0, ''),
(2083, 0, 9, '1401/08/18', '17:00', 1, 2, NULL, 5, 2, 0, ''),
(2084, 0, 0, '1401/08/17', '10:00', 2, 2, NULL, 4, 0, 0, ''),
(2085, 0, 9, '1401/08/18', '10:00', 2, 2, NULL, 0, 1, 0, ''),
(2086, 0, 0, '1401/08/18', '18:00', 2, 2, NULL, 0, 0, 0, '');



INSERT INTO `tbl_message` (`Id`, `model`, `from_m`, `issue`, `issue2`, `message`, `seen`, `name_pic_1`, `parent`, `adate`, `id_doreh`, `id_envelope`, `dyn`, `name`, `phone`) VALUES
(713, 1, 79, '0123456789', 7, '0123456789', 1, NULL, 713, '2021-05-06 07:28:45', 143, -1, 0, NULL, NULL),
(714, 1, 36, '0123456789', 7, 'oiuouds iouio', 1, NULL, 713, '2021-05-06 07:35:55', 143, -1, 0, NULL, NULL);



INSERT INTO `tbl_reshteh` (`Id`, `Title`, `Detail`, `state`, `id_sort`, `name_pic`, `session`, `session_t`, `session_a`, `fee`, `fee_together`, `payment1`, `payment2`, `international_code`, `delivery_book`, `give_book`, `exam`, `govahi`, `karvarzi`, `karamozi`, `record_score`, `record_portal`, `gender`, `subset`, `name_pic_2`, `virtual`, `private_class`, `label`, `color_text`, `color_back`, `absent`, `capacity`, `second_exam`, `second_portal`) VALUES
(3, 'کمک های اولیه', '', 1, 1, '.72608.jpeg', 12, 14, 26, 800000, 750000, 350000, 400000, '541120470020001', 1, 1, 1, 1, 1, 1, 1, 1, 0, 2, NULL, NULL, NULL, 'کمک', '#000000', '#000000', NULL, NULL, NULL, NULL),
(4, 'sdf', '', 1, 4, '.png', NULL, NULL, NULL, NULL, NULL, NULL, NULL, NULL, NULL, NULL, NULL, NULL, NULL, NULL, NULL, NULL, NULL, NULL, NULL, NULL, NULL, NULL, NULL, NULL, NULL, NULL, NULL, NULL),
(5, 'a', '', 1, 4, '.png', 0, NULL, NULL, NULL, NULL, NULL, NULL, NULL, NULL, NULL, NULL, NULL, NULL, NULL, NULL, NULL, NULL, NULL, NULL, NULL, NULL, NULL, NULL, NULL, NULL, NULL, NULL, NULL);


INSERT INTO `tbl_sal` (`sal`, `title`) VALUES
(1399, 'سال مالی 1399'),
(1400, 'سال مالی 1400');


INSERT INTO `tbl_shop` (`Id`, `name`, `detail`, `price`, `state`, `name_pic`, `link`, `name_pic2`, `ord`) VALUES
(1, 'a', '', 1000, 1, '', 0, '', 1),
(2, 'b', '', 2534, 1, '', 0, '', 2);



INSERT INTO `tbl_slider` (`Id`, `Title`, `state`, `name_pic`, `anim`, `anim_text`, `ord`) VALUES
(1, 'اسلایدر۱', 1, '97102.png', 15, 33, NULL),
(2, 'sfd', 1, '39356.png', 1, 1, NULL);


INSERT INTO `tbl_subject` (`Id`, `Title`, `id_reshteh`, `session`, `hours`, `teacher`, `type`) VALUES
(1, 'A', 2, 1, 2, 0, 9537),
(2, 'B', 2, 1, 2, 0, 9537),
(3, 'C', 2, 1, 2, 0, 9537),
(4, 'x', 0, 1, 2, 0, 1),
(5, 'y', 0, 2, 1, 0, 1);


INSERT INTO `tbl_transfer` (`Id`, `id_buy_doreh_st`, `id_buy_doreh_en`, `fee`, `adate`) VALUES
(1, 106, 112, 750000, '2021-04-30 19:23:36'),
(2, 112, 113, 1475000, '2021-04-30 19:34:16'),
(3, 113, 114, 80000, '2021-04-30 19:36:06'),
(4, 115, 116, 432000, '2021-04-30 20:43:37'),
(5, 118, 119, 100000, '2021-04-30 20:52:52'),
(6, 126, 127, 0, '2021-05-04 16:34:37');


INSERT INTO `tbl_users` (`Id`, `username`, `password`, `fname`, `lname`, `active`, `state`, `phone`, `codemeli`, `sh_sh`, `father`, `ldate`, `ms`, `marital`, `country`, `grade`, `field`, `fixed_phone`, `city`, `address`, `email`, `shaba`, `card`, `name_pic_1`, `name_pic_2`, `name_pic_3`, `name_pic_4`, `name_pic_5`, `name_pic_6`, `name_pic_7`, `know`, `gender`, `name_pic_8`, `label`, `post`, `adate`, `phone2`, `more_inf`, `fee_offer`) VALUES
(2, '1', 0xc4ca4238a0b923820dcc509a6f75849b, 'Hamid', 'Zehtab', 1, 1, '1', '0925943037', '', '', '', '', 0, 1, '0', '', '', '', '', '', NULL, '', NULL, NULL, NULL, NULL, NULL, NULL, NULL, 0, 0, NULL, 0, '', '2022-09-23 16:39:25', '', '', 0),
(4, '2', 0xc906d2805942af21fbdcc001dd61815e, '1', '1', 1, 1, '09940374593', NULL, NULL, NULL, NULL, NULL, NULL, 1, NULL, NULL, NULL, NULL, NULL, NULL, NULL, NULL, NULL, NULL, NULL, NULL, NULL, NULL, NULL, NULL, NULL, NULL, NULL, NULL, '2022-09-24 18:52:59', NULL, NULL, NULL),
(6, '23', 0x37693cfc748049e45d87b8c7d8b9aacd, 'Sajjad', 'Arghaiee', 1, 1, '34', '23', '', '', '', '', 0, 1, '0', '', '', '', '', '', NULL, '', NULL, NULL, NULL, NULL, NULL, NULL, NULL, 0, 0, NULL, 0, '', '2022-09-29 14:44:10', '', '', 0),
(8, '2342', 0x2321994d85d661d792223f647000c65f, '23', '234', 1, 1, '2342', '2342', '', '', '', '', 0, 1, '0', '', '', '', '', '', NULL, '', NULL, NULL, NULL, NULL, NULL, NULL, NULL, 0, 0, NULL, 0, '', '2022-09-29 14:45:21', '', '', 0),
(5, '34', 0xe369853df766fa44e1ed0ff613f563bd, 'a', 'b', 1, 1, '343', '34', '', '', '', '', 0, 1, '0', '', '', '', '', '', NULL, '', NULL, NULL, NULL, NULL, NULL, NULL, NULL, 0, 0, NULL, 0, '', '2022-09-24 19:49:20', '', '', 0),
(7, '422', 0xf85454e8279be180185cac7d243c5eb3, 'صثق', '234', 1, 1, '234', '422', '', '', '', '', 0, 1, '0', '', '', '', '', '', NULL, '', NULL, NULL, NULL, NULL, NULL, NULL, NULL, 0, 0, NULL, 0, '', '2022-09-29 14:44:54', '', '', 0),
(9, '654', 0xab233b682ec355648e7891e66c54191b, 'سیب', 'تسنمیب', 1, 4, '464', '654', '', '', '', '', 0, 1, '0', '', '', '', '', '', NULL, '', NULL, NULL, NULL, NULL, NULL, NULL, NULL, 0, 0, NULL, 0, '', '2022-09-29 14:45:50', '', '', 0),
(1, 'Nimz', 0xc906d2805942af21fbdcc001dd61815e, 'nima', 'zare', 1, 3, '09055307841', '', NULL, NULL, NULL, NULL, NULL, 1, NULL, NULL, NULL, NULL, NULL, NULL, NULL, NULL, NULL, NULL, NULL, NULL, NULL, NULL, NULL, NULL, NULL, NULL, NULL, NULL, '2022-09-23 15:56:42', NULL, NULL, NULL);


INSERT INTO `tbl_video` (`Id`, `Title`, `detail`, `state`, `name_pic_1`, `name_pic_2`) VALUES
(2, 'bs', 'sdfsdf', 1, '35874.png', 'mp4'),
(3, 'ad', 'ad', 1, '76005.jpeg', '55890.mp4'),
(4, 'فیلم مهارت', 'sdf', 1, '19779.png', '37692.mp4'),
(5, 'یی', 'سیس', 1, '59131.jpeg', '29770.mp4');
